{"cameraMode":{"drawMode":0,"name":"Shaded","section":"Shading Mode"},"sceneLighting":true,"audioPlay":false,"sceneViewState":{"m_AlwaysRefresh":false,"showFog":true,"showSkybox":true,"showFlares":true,"showImageEffects":true,"showParticleSystems":true,"showVisualEffectGraphs":true,"m_FxEnabled":true},"in2DMode":false,"pivot":{"x":-11.806732177734375,"y":-3.3853631019592287,"z":0.19161081314086915},"rotation":{"x":-0.12511798739433289,"y":0.7420098781585693,"z":-0.14448121190071107,"w":-0.6425667405128479},"size":10.007692337036133,"orthographic":false}